"","(Intercept)","CPI_lag1","UNRATE_lag1","YieldSpread_lag1","InflationMomentum","VIX_lag1","RecessionSignal"
"Hike",0.197586234285139,0.00445108672458409,0.077016687978671,-0.255898836471623,0.149242814609716,-0.0724436998780189,2.13656028963464
"Hold",-6.47903407271765,0.0262986313462753,0.142711698589884,0.473666385371365,-0.09633215923386,-0.0701756697409653,3.15937670972702
